DEA Code,DEA Name,Year,Number of Farms,Number of lfa farms  ,Number of non lfa farms  ,Total area farmed in hectares  ,Average SO/farm   (€ '000 )  ,Total crops in hectares  ,Total grass & rough grazing in hectares  ,Total number of cattle  ,Total number of sheep  ,Total number of pigs  ,Total number of poultry ('000)  ,Number of farmers  ,Number of self employed,Number of spouses  ,Number of Other workers  ,Total number of Agricultural labour  ,Number of V. Small farms,Number of small farms,Number of medium farms,Number of large farms
N10000101,AIRPORT,2015,289,108,181,"16,663",101,690,"15,609","28,859","22,126","2,187",238,353,219,99,187,639,196,43,18,32
N10000102,ANTRIM,2015,9,3,5,135,102,22,112,178,233,"3,368",0,10,3,3,3,14,7,3,0,3
N10000103,BALLYCLARE,2015,150,78,72,"6,174",131,224,"5,915","13,298","11,278","4,208",20,189,112,44,76,309,102,22,8,18
N10000104,DUNSILLY,2015,414,267,147,"17,277",115,708,"16,060","34,022","35,381","3,564",770,505,301,121,187,813,291,67,21,35
N10000105,GLENGORMLEY URBAN,2015,3,3,3,3,3,3,3,3,3,3,3,3,3,3,3,3,3,3,3,3
N10000106,MACEDON,2015,5,3,3,89,87,5,83,84,5,0,0,8,7,3,30,39,3,0,0,3
N10000107,THREE MILE WATER,2015,20,16,3,"1,352",43,0,"1,350","2,150",948,"10,624",0,22,16,7,5,34,15,3,3,3
N10000201,ARMAGH,2015,786,391,395,"22,174",113,995,"20,952","54,248","19,662","99,251",820,948,492,176,760,"1,884",598,98,32,58
N10000202,BANBRIDGE,2015,545,33,512,"18,758",764,"2,764","15,784","40,793","32,637","9,562",132,692,385,164,239,"1,095",403,66,28,48
N10000203,CRAIGAVON,2015,114,67,47,"3,530",83,197,"3,188","7,783","2,173","3,417",149,142,82,32,60,234,81,18,7,8
N10000204,CUSHER,2015,834,514,320,"26,055",118,"1,661","23,909","60,649","37,926","26,218",842,998,523,220,345,"1,563",645,82,45,62
N10000205,LAGAN RIVER,2015,446,149,297,"16,095",108,"2,111","13,853","36,159","21,091",373,547,553,306,118,218,889,320,53,31,42
N10000206,LURGAN,2015,120,47,73,"4,768",41,251,"4,440","12,859",760,"3,653",154,148,82,31,60,239,81,15,10,14
N10000207,PORTADOWN,2015,401,169,232,"11,654",76,"1,723","9,792","23,401","7,512","11,803",215,496,280,100,558,"1,154",269,47,28,57
N10000301,BALMORAL,2015,3,3,3,3,3,3,3,3,3,3,3,3,3,3,3,3,3,3,3,3
N10000302,BLACK MOUNTAIN,2015,3,3,3,3,3,3,3,3,3,3,3,3,3,3,3,3,3,3,3,3
N10000303,BOTANIC,2015,6,3,3,3,3,3,3,3,3,3,3,3,3,3,3,3,3,3,3,3
N10000304,CASTLE,2015,3,3,3,3,3,3,3,3,3,3,3,3,3,3,3,3,3,3,3,3
N10000305,COLLIN,2015,3,3,3,3,3,3,3,3,3,3,3,3,3,3,3,3,3,3,3,3
N10000306,COURT,2015,3,3,3,3,3,3,3,3,3,3,3,3,3,3,3,3,3,3,3,3
N10000307,LISNASHARRAGH,2015,3,3,3,3,3,3,3,3,3,3,3,3,3,3,3,3,3,3,3,3
N10000308,OLDPARK,2015,3,3,3,3,3,3,3,3,3,3,3,3,3,3,3,3,3,3,3,3
N10000309,ORMISTON,2015,3,3,3,3,3,3,3,3,3,3,3,3,3,3,3,3,3,3,3,3
N10000310,TITANIC,2015,3,3,3,3,3,3,3,3,3,3,3,3,3,3,3,3,3,3,3,3
N10000401,BALLYMONEY,2015,411,210,201,"18,309",142,708,"17,268","33,381","32,663","13,068",807,515,305,113,205,833,276,61,32,42
N10000402,BANN,2015,538,259,279,"25,820",110,"1,170","24,179","41,680","58,073","5,420",238,684,422,158,236,"1,078",383,72,40,43
N10000403,BENBRADAGH,2015,416,314,102,"26,508",58,"2,377","23,752","21,908","82,423",420,191,507,281,103,185,795,311,63,19,23
N10000404,CAUSEWAY,2015,351,131,220,"20,043",93,"2,149","17,474","43,365","27,461","4,204",291,480,340,120,236,836,192,61,27,71
N10000405,COLERAINE,2015,11,6,5,480,24,58,388,707,"1,077",0,5,12,6,3,3,16,8,3,3,3
N10000406,LIMAVADY,2015,196,106,90,"11,918",91,"1,643","9,987","15,593","38,278",11,0,244,157,42,122,408,130,34,17,15
N10000407,THE GLENS,2015,594,526,68,"38,996",73,793,"37,629","32,184","171,293",72,467,748,449,150,264,"1,162",412,101,32,49
N10000501,BALLYARNETT,2015,12,3,8,838,130,215,597,601,"1,253",0,0,13,9,3,6,22,8,3,0,3
N10000502,DERG,2015,607,486,121,"30,803",80,925,"28,059","42,184","78,198","27,487",210,740,456,133,315,"1,188",425,88,36,58
N10000503,FAUGHAN,2015,260,171,89,"14,941",53,"1,623","12,949","21,585","36,432",126,97,323,211,68,153,544,180,41,11,28
N10000504,FOYLESIDE,2015,3,3,3,3,3,3,3,3,3,3,3,3,3,3,3,3,3,3,3,3
N10000505,SPERRIN,2015,811,731,80,"46,069",94,898,"44,471","41,913","167,394","1,984",123,959,564,185,349,"1,493",625,117,31,38
N10000506,THE MOOR,2015,23,13,10,"1,296",72,308,967,"1,894","1,626",0,0,31,17,7,17,55,14,3,3,3
N10000507,WATERSIDE,2015,19,15,3,626,88,17,606,809,"1,728",0,0,22,14,3,3,29,17,0,3,3
N10000601,ENNISKILLEN,2015,213,209,3,"9,047",126,33,"8,649","15,393","8,736",6,0,246,141,53,92,391,169,23,5,16
N10000602,ERNE EAST,2015,926,908,18,"33,885",102,90,"33,187","55,694","27,365",116,703,"1,086",584,226,286,"1,598",762,83,46,35
N10000603,ERNE NORTH,2015,749,735,14,"29,618",90,22,"29,125","35,593","40,082",274,48,868,446,164,234,"1,266",647,67,27,8
N10000604,ERNE WEST,2015,"1,148","1,138",10,"49,095",60,112,"48,155","52,486","41,546",0,138,"1,320",680,263,301,"1,884",997,104,34,13
N10000605,MID TYRONE,2015,973,907,66,"40,659",60,180,"39,565","53,134","81,332","9,420",785,"1,127",621,182,332,"1,641",803,98,36,36
N10000606,OMAGH,2015,35,25,10,"1,481",35,23,"1,349","2,018","2,513","1,449",60,41,22,7,15,63,28,3,3,3
N10000607,WEST TYRONE,2015,"1,089","1,034",55,"42,962",34,222,"41,748","67,277","70,576","27,954",439,"1,299",747,247,419,"1,965",856,126,60,47
N10000701,CASTLEREAGH EAST,2015,57,3,54,"4,262",90,614,"2,999","6,205","3,638",20,0,80,53,19,66,165,36,6,0,15
N10000702,CASTLEREAGH SOUTH,2015,37,3,36,"1,622",65,157,"1,454","3,549",554,0,0,55,30,11,23,89,25,3,5,3
N10000703,DOWNSHIRE EAST,2015,302,99,203,"11,295",38,"1,139","9,997","22,311","18,222","9,138",53,367,198,105,158,630,226,32,10,34
N10000704,DOWNSHIRE WEST,2015,143,3,141,"6,275",114,"1,740","4,485","11,398","3,225","2,260",480,179,101,41,75,295,99,18,10,16
N10000705,KILLULTAGH,2015,304,179,125,"11,648",63,"1,134","10,351","17,401","9,731","3,730",269,359,183,75,149,583,231,33,20,20
N10000706,LISBURN NORTH,2015,13,5,8,371,44,87,282,568,39,"7,839",0,16,11,3,13,32,7,3,3,3
N10000707,LISBURN SOUTH,2015,3,3,3,3,3,3,3,3,3,3,3,3,3,3,3,3,3,3,3,3
N10000801,BALLYMENA,2015,11,3,9,239,85,20,215,371,341,0,27,13,6,0,3,17,10,3,0,0
N10000802,BANNSIDE,2015,411,276,135,"13,533",75,421,"12,899","32,742","15,416","2,317",594,496,276,112,169,777,300,55,27,29
N10000803,BRAID,2015,799,536,263,"37,461",229,478,"36,523","51,405","122,763","2,316",1582,978,608,227,307,"1,512",563,124,54,58
N10000804,CARRICK CASTLE,2015,16,16,0,842,130,0,766,884,"3,120",0,0,20,11,3,16,39,10,5,3,0
N10000805,COAST ROAD,2015,213,207,6,"13,716",11,36,"13,507","9,014","55,334",0,224,234,159,51,149,434,163,36,3,10
N10000806,KNOCKAGH,2015,97,95,3,"2,865",99,24,"2,812","4,030","11,802","1,466",5,113,57,25,44,182,80,10,5,3
N10000807,LARNE LOUGH,2015,259,246,13,"12,914",169,66,"12,743","20,659","44,789","3,982",113,312,184,71,104,487,184,33,11,31
N10000901,CARNTOGHER,2015,621,492,129,"22,370",81,623,"21,505","29,546","68,925","4,533",371,736,368,127,222,"1,085",516,60,27,18
N10000902,CLOGHER VALLEY,2015,"1,146",968,178,"39,193",58,395,"38,202","79,300","38,379","85,420",3529,"1,375",740,263,452,"2,090",857,159,60,70
N10000903,COOKSTOWN,2015,657,490,167,"19,421",55,253,"18,963","34,857","25,099","20,452",1408,771,377,153,245,"1,169",549,51,31,26
N10000904,DUNGANNON,2015,210,45,165,"7,096",30,273,"6,734","16,348","4,085",680,816,267,144,36,108,411,149,25,19,17
N10000905,MAGHERAFELT,2015,466,192,274,"16,351",181,809,"15,308","32,923","29,597","28,181",288,569,323,120,221,910,352,45,38,31
N10000906,MOYOLA,2015,500,359,141,"21,094",52,928,"19,767","29,633","40,214","8,804",76,608,345,96,219,923,380,74,30,16
N10000907,TORRENT,2015,555,270,285,"16,482",77,404,"15,956","41,038","10,378","36,566",1626,682,357,106,293,"1,081",424,52,38,41
N10001001,CROTLIEVE,2015,635,440,195,"16,273",112,993,"15,069","29,818","56,841","6,011",376,764,384,140,297,"1,201",529,62,20,24
N10001002,DOWNPATRICK,2015,262,85,177,"12,350",95,"1,702","10,375","22,678","20,820","2,043",32,331,216,79,152,562,184,46,11,21
N10001003,NEWRY,2015,140,135,5,"2,381",87,21,"2,340","4,999","4,040","2,809",29,151,52,13,30,194,127,10,3,3
N10001004,ROWALLANE,2015,292,185,107,"15,420",45,623,"14,445","18,673","20,502","30,505",112,354,190,99,124,577,218,40,15,19
N10001005,SLIEVE CROOB,2015,678,468,210,"22,021",50,"1,238","20,526","35,194","65,738","6,822",98,799,409,174,284,"1,257",560,70,24,24
N10001006,SLIEVE GULLION,2015,"1,128","1,051",77,"26,501",56,478,"25,808","62,227","22,481","3,519",337,"1,299",553,184,415,"1,898",981,80,30,37
N10001007,THE MOURNES,2015,707,507,200,"19,939",73,"1,124","18,678","29,704","89,196","12,442",143,865,441,169,286,"1,320",592,63,22,30
N10001101,ARDS PENINSULA,2015,366,10,356,"17,353",111,"2,652","14,256","40,160","18,549","15,410",113,469,290,124,315,908,239,44,15,68
N10001102,BANGOR CENTRAL,2015,12,0,12,431,47,59,357,"1,148",367,0,0,13,7,3,6,20,9,0,0,3
N10001103,BANGOR EAST AND DONAGHADEE,2015,38,0,38,"1,964",175,335,"1,466","3,194","2,074",0,5,44,25,12,20,76,24,6,3,5
N10001104,BANGOR WEST,2015,3,3,3,3,3,3,3,3,3,3,3,3,3,3,3,3,3,3,3,3
N10001105,COMBER,2015,200,50,150,"8,096",107,"2,074","5,886","11,765","15,664",700,47,270,167,68,201,539,125,29,19,27
N10001106,HOLYWOOD AND CLANDEBOYE,2015,40,3,38,"2,727",45,229,"1,905","3,909","1,098",17,0,50,26,12,21,83,28,3,3,5
N10001107,NEWTOWNARDS,2015,37,3,36,"2,227",65,"1,120","1,089","3,502","1,803",51,1,47,32,14,44,105,18,7,3,11
N10000101,AIRPORT,2016,281,104,177,"16,874",105,677,"15,827","29,526","22,669","1,873",320,344,207,99,179,622,188,42,17,34
N10000102,ANTRIM,2016,11,5,6,154,90,14,139,248,413,"3,565",0,12,3,3,6,20,9,3,0,3
N10000103,BALLYCLARE,2016,144,75,69,"6,151",93,252,"5,861","13,331","12,257","4,511",16,186,108,42,76,304,96,20,9,19
N10000104,DUNSILLY,2016,405,262,143,"17,372",91,643,"16,212","34,759","38,339","2,178",762,507,300,128,172,807,284,65,19,37
N10000105,GLENGORMLEY URBAN,2016,3,3,3,3,3,3,3,3,3,3,3,3,3,3,3,3,3,3,3,3
N10000106,MACEDON,2016,3,3,3,3,3,3,3,3,3,3,3,3,3,3,3,3,3,3,3,3
N10000107,THREE MILE WATER,2016,19,15,3,"1,351",184,0,"1,350","2,191",989,"10,624",0,22,16,5,12,39,14,3,3,3
N10000201,ARMAGH,2016,770,383,387,"22,215",123,952,"21,027","56,970","19,354","111,004",958,921,490,200,710,"1,831",581,93,37,59
N10000202,BANBRIDGE,2016,547,37,510,"21,890",85,"2,766","18,864","44,137","33,036","10,121",66,682,375,167,264,"1,113",396,68,34,49
N10000203,CRAIGAVON,2016,110,64,46,"3,681",79,198,"3,347","8,409","2,281","1,917",76,148,81,27,73,248,81,15,6,8
N10000204,CUSHER,2016,806,499,307,"26,004",87,"1,625","23,879","62,907","37,204","24,456",1068,974,533,204,349,"1,527",615,81,46,64
N10000205,LAGAN RIVER,2016,439,151,288,"15,867",94,"1,958","13,751","37,561","22,214",491,584,560,299,135,210,905,317,51,26,45
N10000206,LURGAN,2016,115,43,72,"4,590",97,238,"4,298","12,500",914,"3,668",99,132,73,30,57,219,79,15,10,11
N10000207,PORTADOWN,2016,405,170,235,"11,948",101,"1,734","10,018","25,120","8,243","11,112",241,497,280,117,581,"1,195",265,51,33,56
N10000301,BALMORAL,2016,3,3,3,3,3,3,3,3,3,3,3,3,3,3,3,3,3,3,3,3
N10000302,BLACK MOUNTAIN,2016,3,3,3,3,3,3,3,3,3,3,3,3,3,3,3,3,3,3,3,3
N10000303,BOTANIC,2016,3,3,3,3,3,3,3,3,3,3,3,3,3,3,3,3,3,3,3,3
N10000304,CASTLE,2016,3,3,3,3,3,3,3,3,3,3,3,3,3,3,3,3,3,3,3,3
N10000305,COLLIN,2016,3,3,3,3,3,3,3,3,3,3,3,3,3,3,3,3,3,3,3,3
N10000306,COURT,2016,3,3,3,3,3,3,3,3,3,3,3,3,3,3,3,3,3,3,3,3
N10000307,LISNASHARRAGH,2016,3,3,3,3,3,3,3,3,3,3,3,3,3,3,3,3,3,3,3,3
N10000308,OLDPARK,2016,3,3,3,3,3,3,3,3,3,3,3,3,3,3,3,3,3,3,3,3
N10000309,ORMISTON,2016,3,3,3,3,3,3,3,3,3,3,3,3,3,3,3,3,3,3,3,3
N10000310,TITANIC,2016,3,3,3,3,3,3,3,3,3,3,3,3,3,3,3,3,3,3,3,3
N10000401,BALLYMONEY,2016,403,210,193,"18,705",117,716,"17,471","33,839","32,619","13,819",954,518,310,123,220,861,265,64,30,44
N10000402,BANN,2016,533,260,273,"26,508",82,"1,241","24,825","41,920","58,731","6,612",457,669,405,181,227,"1,077",380,66,37,50
N10000403,BENBRADAGH,2016,423,321,102,"26,602",64,"2,266","23,950","22,963","83,163",400,106,511,283,118,193,822,320,59,21,23
N10000404,CAUSEWAY,2016,345,132,213,"20,449",153,"2,281","17,792","43,336","29,110","2,896",406,470,339,120,233,823,183,59,35,68
N10000405,COLERAINE,2016,13,7,6,"1,045",86,58,943,799,"1,886",0,16,16,8,3,3,21,7,3,3,3
N10000406,LIMAVADY,2016,190,102,88,"11,658",77,"1,616","9,780","15,342","37,007",43,1,229,140,49,86,364,124,34,17,15
N10000407,THE GLENS,2016,605,534,71,"38,830",73,812,"37,528","32,625","170,551",128,447,749,454,163,261,"1,173",418,104,37,46
N10000501,BALLYARNETT,2016,14,3,10,875,75,226,607,624,"1,584",0,0,15,9,3,6,24,10,3,3,3
N10000502,DERG,2016,610,487,123,"30,809",98,923,"28,052","44,457","77,161","24,837",332,740,438,140,307,"1,187",434,84,29,63
N10000503,FAUGHAN,2016,261,174,87,"15,316",88,"1,668","13,277","22,674","36,930",104,0,326,207,68,162,556,182,36,17,26
N10000504,FOYLESIDE,2016,3,3,3,3,3,3,3,3,3,3,3,3,3,3,3,3,3,3,3,3
N10000505,SPERRIN,2016,815,735,80,"46,719",57,799,"45,185","43,985","172,773","2,126",124,972,548,205,387,"1,564",623,117,36,39
N10000506,THE MOOR,2016,23,12,11,"1,316",95,301,976,"1,888","1,747",0,0,26,16,11,17,54,15,3,3,3
N10000507,WATERSIDE,2016,21,16,5,629,42,27,599,874,"1,796",0,0,24,15,5,5,34,19,0,3,3
N10000601,ENNISKILLEN,2016,218,215,3,"9,830",61,21,"9,385","15,544","9,676",6,0,256,140,54,92,402,172,24,6,16
N10000602,ERNE EAST,2016,894,878,16,"33,556",66,74,"32,929","57,878","27,585","1,766",801,"1,060",553,237,280,"1,577",718,97,42,37
N10000603,ERNE NORTH,2016,731,719,12,"29,539",36,34,"28,934","36,666","39,510",223,47,857,411,173,219,"1,249",630,65,24,12
N10000604,ERNE WEST,2016,"1,132","1,123",9,"48,936",35,114,"47,993","55,182","45,061",5,120,"1,322",692,283,281,"1,886",979,102,34,17
N10000605,MID TYRONE,2016,968,900,68,"40,534",57,178,"39,428","55,852","84,062","8,246",688,"1,131",609,203,308,"1,642",790,100,38,40
N10000606,OMAGH,2016,37,27,10,"1,602",81,21,"1,488","1,933","2,737",0,93,43,20,8,17,68,29,5,0,3
N10000607,WEST TYRONE,2016,"1,054","1,015",39,"42,642",70,286,"41,314","68,632","72,480","29,227",464,"1,277",742,236,400,"1,913",822,125,53,54
N10000701,CASTLEREAGH EAST,2016,57,3,53,"4,320",137,560,"3,025","6,059","3,452",5,0,82,54,18,79,179,36,7,3,13
N10000702,CASTLEREAGH SOUTH,2016,34,3,33,"1,569",96,166,"1,390","3,542",639,0,0,53,32,13,25,91,23,3,3,3
N10000703,DOWNSHIRE EAST,2016,299,99,200,"11,438",91,"1,106","10,107","22,950","18,870","10,826",52,370,199,104,151,625,217,37,8,37
N10000704,DOWNSHIRE WEST,2016,137,3,135,"6,352",125,"1,834","4,451","11,587","3,522","2,386",405,177,96,39,77,293,91,19,11,16
N10000705,KILLULTAGH,2016,288,172,116,"11,312",63,"1,128","10,051","17,672","10,482","3,908",189,352,175,81,138,571,217,34,16,21
N10000706,LISBURN NORTH,2016,13,5,8,371,246,88,283,608,39,"9,053",0,16,10,3,16,35,8,0,3,3
N10000707,LISBURN SOUTH,2016,3,3,3,3,3,3,3,3,3,3,3,3,3,3,3,3,3,3,3,3
N10000801,BALLYMENA,2016,14,3,10,258,36,22,232,449,366,0,24,17,6,0,3,21,12,3,0,0
N10000802,BANNSIDE,2016,398,264,134,"13,669",92,470,"12,958","33,727","15,124","1,072",621,495,275,109,164,768,291,50,27,30
N10000803,BRAID,2016,780,534,246,"37,600",89,520,"36,586","52,553","121,935","2,483",1662,955,575,234,353,"1,542",541,125,53,61
N10000804,CARRICK CASTLE,2016,16,16,0,855,60,0,779,995,"3,500",0,3,23,12,3,16,42,11,3,3,0
N10000805,COAST ROAD,2016,208,203,5,"13,921",52,23,"13,724","9,545","56,999",7,71,242,150,52,105,399,160,34,6,8
N10000806,KNOCKAGH,2016,99,96,3,"2,847",46,32,"2,780","4,011","11,685","1,504",34,113,57,30,35,178,81,10,5,3
N10000807,LARNE LOUGH,2016,247,234,13,"13,402",94,78,"13,211","22,473","44,084","5,573",97,305,176,86,111,502,174,28,11,34
N10000901,CARNTOGHER,2016,626,494,132,"23,129",49,618,"22,224","30,008","71,930","4,278",433,738,347,135,210,"1,083",520,62,24,20
N10000902,CLOGHER VALLEY,2016,"1,120",946,174,"40,121",114,383,"38,576","82,923","39,044","94,700",3401,"1,350",746,289,463,"2,102",837,145,65,73
N10000903,COOKSTOWN,2016,632,468,164,"19,286",81,251,"18,813","36,110","25,589","28,031",1466,750,367,153,247,"1,150",525,51,24,32
N10000904,DUNGANNON,2016,210,40,170,"7,243",106,263,"6,868","16,512","4,361",742,890,250,132,49,84,383,146,33,11,20
N10000905,MAGHERAFELT,2016,464,189,275,"16,601",80,788,"15,477","34,049","31,329","30,157",119,564,310,122,213,899,346,53,31,34
N10000906,MOYOLA,2016,497,357,140,"21,406",57,851,"20,121","30,413","42,139","11,422",73,609,336,105,216,930,380,71,28,18
N10000907,TORRENT,2016,541,261,280,"16,543",114,448,"15,989","43,374","10,903","40,379",1633,689,364,113,245,"1,047",406,57,35,43
N10001001,CROTLIEVE,2016,635,434,201,"16,547",52,983,"15,367","31,094","56,074","5,514",302,769,362,145,304,"1,218",530,63,15,27
N10001002,DOWNPATRICK,2016,259,84,175,"12,614",73,"1,628","10,657","23,409","20,934","2,041",42,342,211,78,150,570,181,43,12,23
N10001003,NEWRY,2016,133,129,3,"2,486",36,21,"2,448","5,863","4,185","2,667",32,143,50,13,27,183,119,9,3,3
N10001004,ROWALLANE,2016,285,185,100,"19,717",82,694,"11,207","19,348","20,798","26,349",99,336,173,105,136,577,210,40,17,18
N10001005,SLIEVE CROOB,2016,673,471,202,"22,126",47,"1,293","20,547","36,586","66,262","6,642",197,805,405,171,293,"1,269",551,72,27,23
N10001006,SLIEVE GULLION,2016,"1,100","1,027",73,"26,753",48,466,"26,009","64,701","22,777","4,753",296,"1,275",549,204,316,"1,795",954,82,28,36
N10001007,THE MOURNES,2016,702,496,206,"21,006",51,"1,244","19,625","30,802","88,061","13,621",240,868,405,191,284,"1,343",585,61,20,36
N10001101,ARDS PENINSULA,2016,355,7,348,"17,257",138,"2,807","14,033","40,437","18,882","14,859",115,460,274,115,305,880,224,43,19,69
N10001102,BANGOR CENTRAL,2016,12,0,12,401,101,57,331,"1,124",375,0,0,14,9,3,10,25,9,0,0,3
N10001103,BANGOR EAST AND DONAGHADEE,2016,39,0,39,"1,980",96,321,"1,472","3,282","2,643",9,0,48,25,12,16,76,23,8,3,5
N10001104,BANGOR WEST,2016,3,3,3,3,3,3,3,3,3,3,3,3,3,3,3,3,3,3,3,3
N10001105,COMBER,2016,196,53,143,"8,062",94,"2,049","5,902","12,144","17,365",475,41,251,153,65,168,484,123,29,17,27
N10001106,HOLYWOOD AND CLANDEBOYE,2016,41,3,39,"2,651",115,236,"1,810","4,176",404,16,0,50,26,11,23,84,27,3,5,7
N10001107,NEWTOWNARDS,2016,34,3,33,"2,291",191,"1,139","1,134","3,382","1,472",37,1,43,34,15,40,98,18,3,3,9
N10000101,AIRPORT,2017,288,112,176,"16,349",100,585,"15,489","29,021","25,249","1,424",252,344,212,96,163,603,194,46,15,33
N10000102,ANTRIM,2017,11,5,6,154,107,9,144,264,439,"4,112",0,14,3,3,7,23,9,3,0,3
N10000103,BALLYCLARE,2017,149,71,78,"6,283",94,298,"5,952","13,669","12,450","4,504",90,184,108,47,89,320,103,20,6,20
N10000104,DUNSILLY,2017,410,266,144,"17,144",94,656,"15,985","34,778","38,855","2,505",915,508,304,127,177,812,293,55,23,39
N10000105,GLENGORMLEY URBAN,2017,3,3,3,3,3,3,3,3,3,3,3,3,3,3,3,3,3,3,3,3
N10000106,MACEDON,2017,5,3,3,97,224,11,85,106,9,0,0,8,3,3,35,44,3,0,0,3
N10000107,THREE MILE WATER,2017,21,17,3,"1,371",166,0,"1,362","2,084","1,139","10,624",0,24,15,7,14,45,16,3,0,3
N10000201,ARMAGH,2017,790,399,391,"22,315",125,"1,009","21,067","57,767","20,607","129,422",1169,954,514,195,756,"1,905",598,99,29,64
N10000202,BANBRIDGE,2017,550,40,510,"21,946",85,"2,656","19,062","43,923","32,970","10,188",139,680,388,170,262,"1,112",396,73,35,46
N10000203,CRAIGAVON,2017,113,60,53,"3,713",81,218,"3,360","8,731","2,276","1,349",76,147,76,25,68,240,84,13,6,10
N10000204,CUSHER,2017,823,508,315,"25,907",88,"1,618","23,789","65,264","36,637","24,846",1225,992,537,207,376,"1,575",624,94,41,64
N10000205,LAGAN RIVER,2017,436,157,279,"15,872",97,"2,048","13,645","37,277","23,087",551,747,551,301,130,215,896,315,56,20,45
N10000206,LURGAN,2017,120,45,75,"4,525",90,242,"4,212","12,611","1,310","3,512",72,140,77,28,63,231,85,14,11,10
N10000207,PORTADOWN,2017,414,171,243,"12,285",101,"1,774","10,284","25,378","9,169","11,285",226,512,278,114,639,"1,265",276,49,30,59
N10000301,BALMORAL,2017,3,3,3,3,3,3,3,3,3,3,3,3,3,3,3,3,3,3,3,3
N10000302,BLACK MOUNTAIN,2017,3,3,3,3,3,3,3,3,3,3,3,3,3,3,3,3,3,3,3,3
N10000303,BOTANIC,2017,5,3,3,3,3,3,3,3,3,3,3,3,3,3,3,3,3,3,3,3
N10000304,CASTLE,2017,3,3,3,3,3,3,3,3,3,3,3,3,3,3,3,3,3,3,3,3
N10000305,COLLIN,2017,3,3,3,3,3,3,3,3,3,3,3,3,3,3,3,3,3,3,3,3
N10000306,COURT,2017,3,3,3,3,3,3,3,3,3,3,3,3,3,3,3,3,3,3,3,3
N10000307,LISNASHARRAGH,2017,3,3,3,3,3,3,3,3,3,3,3,3,3,3,3,3,3,3,3,3
N10000308,OLDPARK,2017,3,3,3,3,3,3,3,3,3,3,3,3,3,3,3,3,3,3,3,3
N10000309,ORMISTON,2017,3,3,3,3,3,3,3,3,3,3,3,3,3,3,3,3,3,3,3,3
N10000310,TITANIC,2017,3,3,3,3,3,3,3,3,3,3,3,3,3,3,3,3,3,3,3,3
N10000401,BALLYMONEY,2017,412,212,200,"18,692",109,707,"17,512","33,616","33,204","13,686",891,534,329,129,208,871,277,61,28,46
N10000402,BANN,2017,533,261,272,"26,467",82,"1,169","24,799","41,333","59,092","6,973",514,689,425,171,234,"1,094",388,58,35,52
N10000403,BENBRADAGH,2017,422,326,96,"26,712",66,"2,245","24,177","22,339","85,772",401,219,522,294,123,185,830,321,55,17,29
N10000404,CAUSEWAY,2017,347,126,221,"20,370",151,"2,110","17,783","42,832","29,029","2,901",586,465,341,128,248,841,183,57,35,72
N10000405,COLERAINE,2017,10,6,3,945,64,0,908,674,"1,441",0,0,13,3,3,5,19,7,3,0,3
N10000406,LIMAVADY,2017,204,107,97,"12,218",74,"1,665","10,284","15,096","37,095",50,1,247,155,53,96,396,136,36,15,17
N10000407,THE GLENS,2017,601,530,71,"39,063",76,881,"37,780","32,225","171,180",74,747,746,445,156,265,"1,167",419,95,41,46
N10000501,BALLYARNETT,2017,16,3,13,"1,148",96,377,742,651,"1,185",0,0,18,12,3,11,33,10,3,3,3
N10000502,DERG,2017,621,495,126,"30,857",96,932,"27,966","43,856","78,831","27,246",332,764,457,144,292,"1,200",444,89,29,59
N10000503,FAUGHAN,2017,263,173,90,"15,556",93,"1,807","13,345","22,233","36,173",79,21,332,205,65,173,570,181,38,16,28
N10000504,FOYLESIDE,2017,3,3,3,3,3,3,3,3,3,3,3,3,3,3,3,3,3,3,3,3
N10000505,SPERRIN,2017,828,753,75,"46,861",55,815,"45,331","42,620","174,909","1,816",124,999,555,210,373,"1,582",640,117,36,35
N10000506,THE MOOR,2017,22,10,12,"1,322",98,274,"1,009","1,698","1,649",0,0,29,19,11,20,60,15,3,3,3
N10000507,WATERSIDE,2017,19,16,3,554,45,39,513,892,861,0,0,23,14,3,3,26,17,0,3,3
N10000601,ENNISKILLEN,2017,225,221,3,"10,347",61,18,"9,877","15,434","12,504",0,23,264,144,57,108,429,178,21,11,15
N10000602,ERNE EAST,2017,904,891,13,"33,816",64,35,"33,183","58,533","27,781","1,982",835,"1,096",616,244,373,"1,713",728,95,45,36
N10000603,ERNE NORTH,2017,746,740,6,"29,823",38,18,"29,260","36,202","40,746",188,78,881,443,176,201,"1,258",640,69,24,13
N10000604,ERNE WEST,2017,"1,157","1,152",5,"49,321",35,103,"48,339","53,815","45,932",60,181,"1,353",730,287,310,"1,950","1,001",109,30,17
N10000605,MID TYRONE,2017,983,913,70,"40,723",61,161,"39,582","54,229","83,054","11,016",1038,"1,157",635,206,331,"1,694",804,101,36,42
N10000606,OMAGH,2017,38,29,9,"1,670",84,21,"1,556","1,890","2,704",0,104,43,20,5,16,64,29,5,3,3
N10000607,WEST TYRONE,2017,"1,064","1,022",42,"43,012",73,270,"41,772","68,149","74,348","30,604",641,"1,290",743,230,437,"1,957",829,120,58,57
N10000701,CASTLEREAGH EAST,2017,58,3,54,"4,353",139,531,"3,117","6,535","3,324",65,0,82,54,20,64,166,36,8,3,12
N10000702,CASTLEREAGH SOUTH,2017,34,3,33,"1,582",95,180,"1,384","3,569",465,0,0,51,33,13,28,92,24,3,3,3
N10000703,DOWNSHIRE EAST,2017,298,96,202,"11,488",92,"1,044","10,221","23,596","18,880","9,572",150,369,207,99,151,619,220,31,13,34
N10000704,DOWNSHIRE WEST,2017,143,3,139,"6,414",111,"1,860","4,500","11,874","2,921","2,848",184,180,97,47,85,312,100,17,9,17
N10000705,KILLULTAGH,2017,296,170,126,"11,511",69,"1,142","10,252","17,378","10,753","3,734",429,347,191,78,142,567,221,38,19,18
N10000706,LISBURN NORTH,2017,16,7,9,411,185,103,307,613,64,"8,143",0,19,11,3,9,31,11,0,3,3
N10000707,LISBURN SOUTH,2017,3,3,3,3,3,3,3,3,3,3,3,3,3,3,3,3,3,3,3,3
N10000801,BALLYMENA,2017,14,3,10,255,36,23,231,380,443,0,27,16,6,3,3,21,12,3,0,0
N10000802,BANNSIDE,2017,406,276,130,"13,754",96,476,"13,079","33,465","15,816",720,835,501,283,117,176,794,303,45,23,35
N10000803,BRAID,2017,790,541,249,"38,392",92,505,"37,428","52,734","124,490","2,843",2041,967,606,240,371,"1,578",546,124,55,65
N10000804,CARRICK CASTLE,2017,20,20,0,879,42,0,791,"1,047","3,954",0,0,26,16,3,21,50,14,5,3,0
N10000805,COAST ROAD,2017,211,209,3,"13,611",54,57,"13,418","9,347","59,607",5,129,242,149,65,107,414,166,29,7,9
N10000806,KNOCKAGH,2017,100,96,3,"2,789",45,2,"2,735","3,659","11,658","1,683",28,114,59,31,35,180,83,9,5,3
N10000807,LARNE LOUGH,2017,256,245,11,"13,657",101,72,"13,472","22,352","44,935","10,362",172,317,186,75,120,512,183,28,15,30
N10000901,CARNTOGHER,2017,630,496,134,"23,463",47,593,"22,554","29,593","72,171","4,737",204,760,355,125,223,"1,108",526,60,24,20
N10000902,CLOGHER VALLEY,2017,"1,134",958,176,"40,682",117,373,"39,179","82,160","40,276","104,366",3712,"1,368",761,293,493,"2,154",850,154,60,70
N10000903,COOKSTOWN,2017,652,489,163,"19,751",79,288,"19,231","35,609","27,902","30,138",1540,783,391,166,236,"1,185",543,50,27,32
N10000904,DUNGANNON,2017,223,35,188,"7,600",95,253,"7,238","17,275","4,380",814,687,262,134,45,78,385,161,31,12,19
N10000905,MAGHERAFELT,2017,467,184,283,"16,309",79,732,"15,320","34,087","31,269","28,221",147,570,312,111,218,899,352,52,30,33
N10000906,MOYOLA,2017,503,367,136,"21,414",56,777,"20,208","30,199","41,389","12,100",90,606,318,108,215,929,385,73,27,18
N10000907,TORRENT,2017,557,268,289,"16,844",115,504,"16,226","44,597","10,534","46,585",1564,686,364,123,265,"1,074",418,57,37,45
N10001001,CROTLIEVE,2017,653,453,200,"16,997",55,"1,128","15,653","31,621","57,293","6,484",454,787,375,155,302,"1,244",546,61,18,28
N10001002,DOWNPATRICK,2017,263,84,179,"12,524",76,"1,676","10,484","24,387","20,289","2,068",43,342,200,77,150,569,181,43,13,26
N10001003,NEWRY,2017,142,135,7,"2,594",33,16,"2,559","5,771","4,230","3,576",29,154,60,14,26,194,128,9,3,3
N10001004,ROWALLANE,2017,287,185,102,"19,530",84,577,"11,294","19,512","21,298","26,947",161,344,190,104,146,594,216,36,16,19
N10001005,SLIEVE CROOB,2017,690,486,204,"22,676",47,"1,386","21,003","37,672","65,844","7,546",166,828,428,156,270,"1,254",560,80,24,26
N10001006,SLIEVE GULLION,2017,"1,124","1,046",78,"26,774",50,427,"26,092","67,223","22,719","5,107",499,"1,276",571,217,319,"1,812",976,83,29,36
N10001007,THE MOURNES,2017,715,494,221,"21,054",50,"1,221","19,704","31,540","89,906","15,377",224,888,431,183,285,"1,356",588,69,25,33
N10001101,ARDS PENINSULA,2017,357,10,347,"17,355",137,"2,816","14,120","40,802","19,498","11,502",123,467,275,115,297,879,223,45,21,68
N10001102,BANGOR CENTRAL,2017,12,0,12,400,113,65,322,"1,183",366,0,0,13,9,0,10,23,9,0,0,3
N10001103,BANGOR EAST AND DONAGHADEE,2017,37,3,36,"1,965",111,305,"1,468","3,350","2,459",8,8,47,29,13,21,81,22,7,3,5
N10001104,BANGOR WEST,2017,3,3,3,3,3,3,3,3,3,3,3,3,3,3,3,3,3,3,3,3
N10001105,COMBER,2017,208,57,151,"8,065",85,"1,918","6,015","12,348","16,803",736,18,269,162,67,162,498,136,32,17,23
N10001106,HOLYWOOD AND CLANDEBOYE,2017,36,3,35,"1,779",122,263,"1,471","4,107",603,23,0,46,29,12,28,86,24,3,5,5
N10001107,NEWTOWNARDS,2017,35,3,33,"2,396",180,"1,026","1,307","3,391","1,645",36,0,45,35,14,42,101,19,5,3,9
N10000101,AIRPORT,2018,287,107,180,16496,98,577,15673,28655,25817,970,206,352,222,98,190,640,196,42,13,36
N10000102,ANTRIM,2018,9,3,6,135,126,4,131,285,297,4247,0,10,3,3,3,16,7,3,0,3
N10000103,BALLYCLARE,2018,146,67,79,6145,94,289,5820,13415,11992,4595,95,183,109,42,104,329,100,22,8,16
N10000104,DUNSILLY,2018,401,265,136,17743,92,632,16598,33525,39717,2467,837,517,302,126,157,800,285,58,21,37
N10000105,GLENGORMLEY URBAN,2018,3,3,3,3,3,3,3,3,3,3,3,3,3,3,3,3,3,3,3,3
N10000106,MACEDON,2018,3,3,3,3,3,3,3,3,3,3,3,3,3,3,3,3,3,3,3,3
N10000107,THREE MILE WATER,2018,21,17,3,1367,166,0,1358,2093,1124,10624,0,28,17,8,8,44,17,3,0,3
N10000201,ARMAGH,2018,787,399,388,22769,127,961,21551,57313,20000,123566,1246,958,507,183,741,1882,597,97,35,58
N10000202,BANBRIDGE,2018,554,43,511,22051,83,2597,19218,43457,31588,9868,132,705,393,164,290,1159,404,78,25,47
N10000203,CRAIGAVON,2018,113,62,51,3841,80,217,3466,8691,1420,1350,162,152,79,26,71,249,82,17,6,8
N10000204,CUSHER,2018,822,509,313,26111,87,1519,24131,64361,37195,23566,1257,1002,546,217,363,1582,641,77,42,62
N10000205,LAGAN RIVER,2018,436,160,276,16025,93,1818,14022,36901,22450,490,645,543,306,138,200,881,323,46,23,44
N10000206,LURGAN,2018,120,45,75,4687,93,388,4234,12027,1438,4288,99,146,76,35,60,241,85,13,12,10
N10000207,PORTADOWN,2018,421,174,247,12230,96,1730,10349,24848,7737,10816,225,542,289,118,651,1311,289,38,32,62
N10000301,BALMORAL,2018,3,3,3,3,3,3,3,3,3,3,3,3,3,3,3,3,3,3,3,3
N10000302,BLACK MOUNTAIN,2018,3,3,3,3,3,3,3,3,3,3,3,3,3,3,3,3,3,3,3,3
N10000303,BOTANIC,2018,3,3,3,3,3,3,3,3,3,3,3,3,3,3,3,3,3,3,3,3
N10000304,CASTLE,2018,3,3,3,3,3,3,3,3,3,3,3,3,3,3,3,3,3,3,3,3
N10000305,COLLIN,2018,3,3,3,3,3,3,3,3,3,3,3,3,3,3,3,3,3,3,3,3
N10000306,COURT,2018,3,3,3,3,3,3,3,3,3,3,3,3,3,3,3,3,3,3,3,3
N10000307,LISNASHARRAGH,2018,3,3,3,3,3,3,3,3,3,3,3,3,3,3,3,3,3,3,3,3
N10000308,OLDPARK,2018,3,3,3,3,3,3,3,3,3,3,3,3,3,3,3,3,3,3,3,3
N10000309,ORMISTON,2018,3,3,3,3,3,3,3,3,3,3,3,3,3,3,3,3,3,3,3,3
N10000310,TITANIC,2018,3,3,3,3,3,3,3,3,3,3,3,3,3,3,3,3,3,3,3,3
N10000401,BALLYMONEY,2018,412,207,205,18556,111,628,17443,31453,32826,11642,982,529,312,126,200,855,282,61,23,46
N10000402,BANN,2018,520,253,267,26890,82,1059,25355,40341,56610,7075,428,673,409,187,241,1101,377,63,28,52
N10000403,BENBRADAGH,2018,422,329,93,27075,64,2183,24552,21479,86554,423,243,535,306,112,202,849,330,49,18,25
N10000404,CAUSEWAY,2018,345,124,221,20009,146,2034,17648,42142,28099,2913,498,466,333,127,237,830,188,55,31,71
N10000405,COLERAINE,2018,10,6,3,945,58,0,916,681,1230,0,0,13,3,3,3,18,7,3,3,3
N10000406,LIMAVADY,2018,203,102,101,12110,72,1713,10157,15051,34560,78,1,255,154,54,105,414,138,28,21,16
N10000407,THE GLENS,2018,589,522,67,38313,74,723,37176,31149,159377,52,730,749,456,162,269,1180,418,95,33,43
N10000501,BALLYARNETT,2018,16,3,13,1147,98,378,728,609,1164,0,0,18,11,3,15,37,10,3,0,3
N10000502,DERG,2018,618,496,122,30789,95,889,28020,43386,75331,27965,293,758,452,150,279,1187,450,80,28,60
N10000503,FAUGHAN,2018,265,172,93,15249,89,1779,13154,22018,33613,80,0,341,205,72,166,579,181,42,16,26
N10000504,FOYLESIDE,2018,3,3,3,3,3,3,3,3,3,3,3,3,3,3,3,3,3,3,3,3
N10000505,SPERRIN,2018,828,753,75,47821,54,826,46340,41544,168392,1806,54,1011,585,218,382,1611,650,103,40,35
N10000506,THE MOOR,2018,22,10,12,1331,98,284,1023,1596,1466,0,0,29,18,11,19,59,14,3,3,3
N10000507,WATERSIDE,2018,18,15,3,543,47,35,506,858,1029,0,0,22,12,3,3,28,16,0,3,3
N10000601,ENNISKILLEN,2018,221,216,5,10157,59,12,9706,14463,11802,0,23,264,140,55,106,425,176,19,12,14
N10000602,ERNE EAST,2018,907,894,13,34406,65,39,33785,57972,26902,1640,881,1093,611,236,358,1687,735,92,41,39
N10000603,ERNE NORTH,2018,738,733,5,29198,37,14,28680,34586,41313,256,77,880,459,170,193,1243,638,70,19,11
N10000604,ERNE WEST,2018,1156,1152,3,49621,33,119,48823,51403,45802,0,163,1347,712,297,339,1983,1009,103,26,18
N10000605,MID TYRONE,2018,974,904,70,41352,61,160,40262,51948,81007,9971,1149,1167,660,206,309,1682,803,95,34,42
N10000606,OMAGH,2018,37,28,9,1418,88,21,1310,1640,2426,0,110,41,22,5,16,62,29,3,3,3
N10000607,WEST TYRONE,2018,1061,1020,41,42879,72,249,41786,65958,71990,31713,577,1298,760,250,434,1982,830,121,55,55
N10000701,CASTLEREAGH EAST,2018,57,3,54,4369,147,500,3110,6781,3201,61,0,83,56,14,75,172,34,6,3,13
N10000702,CASTLEREAGH SOUTH,2018,33,3,31,1551,96,162,1377,3389,536,0,0,52,31,14,19,85,22,3,3,3
N10000703,DOWNSHIRE EAST,2018,296,103,193,11207,93,860,10096,23716,19813,9180,193,370,204,103,168,641,221,32,10,33
N10000704,DOWNSHIRE WEST,2018,144,5,139,6302,118,1678,4573,12522,3319,3125,285,186,100,47,82,315,98,17,12,17
N10000705,KILLULTAGH,2018,292,171,121,11674,64,810,10738,16727,9430,3958,327,344,191,81,133,558,227,31,18,16
N10000706,LISBURN NORTH,2018,17,7,10,422,186,87,333,567,102,8657,0,20,10,3,8,31,12,3,3,3
N10000707,LISBURN SOUTH,2018,3,3,3,3,3,3,3,3,3,3,3,3,3,3,3,3,3,3,3,3
N10000801,BALLYMENA,2018,14,6,8,256,44,19,226,318,437,0,23,16,3,3,3,20,13,3,0,0
N10000802,BANNSIDE,2018,396,271,125,13528,96,391,12893,31846,16608,469,831,512,280,116,175,803,294,47,25,30
N10000803,BRAID,2018,793,542,251,38181,92,437,37333,49758,124213,2529,2193,995,617,259,380,1634,556,122,53,62
N10000804,CARRICK CASTLE,2018,21,21,0,950,40,0,859,975,4226,0,0,26,18,3,28,58,15,3,3,0
N10000805,COAST ROAD,2018,213,209,3,13752,54,55,13609,9120,60815,18,131,246,151,64,105,415,165,32,6,10
N10000806,KNOCKAGH,2018,99,96,3,2848,43,11,2790,3854,11549,1683,0,118,61,30,43,191,84,7,5,3
N10000807,LARNE LOUGH,2018,257,247,10,13533,94,68,13387,21757,43396,10155,110,310,190,71,117,498,183,33,14,27
N10000901,CARNTOGHER,2018,641,511,130,23580,49,524,22780,29374,71223,5019,339,776,364,125,238,1139,536,60,24,21
N10000902,CLOGHER VALLEY,2018,1130,957,173,40816,117,433,39210,79818,39195,104203,3956,1376,754,283,485,2144,850,148,62,70
N10000903,COOKSTOWN,2018,652,489,163,19790,80,273,19333,34757,26151,31392,1606,786,381,168,241,1195,547,48,27,30
N10000904,DUNGANNON,2018,217,39,178,7541,109,246,7148,16418,4657,828,1080,265,131,44,76,385,157,29,11,20
N10000905,MAGHERAFELT,2018,465,188,277,16103,79,659,15239,33219,30803,26258,256,586,323,118,214,918,357,41,34,33
N10000906,MOYOLA,2018,498,369,129,21464,55,710,20339,28797,40183,10682,58,617,326,108,219,944,387,69,24,18
N10000907,TORRENT,2018,559,273,286,17116,120,495,16521,42888,9932,51576,1756,705,369,99,227,1031,420,62,33,44
N10001001,CROTLIEVE,2018,655,454,201,17115,56,1082,15832,30560,56963,6107,444,792,395,169,336,1297,549,60,19,27
N10001002,DOWNPATRICK,2018,260,82,178,12470,75,1487,10673,24802,20809,97,43,345,215,76,145,566,183,38,14,25
N10001003,NEWRY,2018,140,133,7,2658,33,16,2601,5984,5077,2833,31,152,56,13,26,191,126,8,3,3
N10001004,ROWALLANE,2018,287,186,101,19589,80,645,11189,18954,20057,24027,129,339,187,99,141,579,218,34,15,20
N10001005,SLIEVE CROOB,2018,692,487,205,22805,47,1452,21037,37191,63108,8259,165,849,424,174,252,1275,570,73,23,26
N10001006,SLIEVE GULLION,2018,1133,1058,75,26901,50,367,26345,66121,24191,5101,562,1307,596,223,330,1860,989,80,27,37
N10001007,THE MOURNES,2018,713,498,215,20870,51,1228,19547,32558,90972,14370,218,904,468,180,335,1419,589,69,21,34
N10001101,ARDS PENINSULA,2018,358,9,349,17224,131,2806,14016,41053,18830,8133,54,483,285,130,310,923,225,46,17,70
N10001102,BANGOR CENTRAL,2018,12,0,12,396,107,57,327,1129,140,0,0,14,9,3,8,23,9,0,0,3
N10001103,BANGOR EAST AND DONAGHADEE,2018,39,0,39,1924,101,278,1455,3391,2268,6,8,49,31,11,19,79,27,3,3,5
N10001104,BANGOR WEST,2018,3,3,3,3,3,3,3,3,3,3,3,3,3,3,3,3,3,3,3,3
N10001105,COMBER,2018,213,58,155,8094,90,1864,6099,12421,16062,821,122,282,163,73,189,544,137,34,19,23
N10001106,HOLYWOOD AND CLANDEBOYE,2018,37,3,36,2596,122,243,1754,4236,923,13,0,47,28,14,28,89,25,3,5,5
N10001107,NEWTOWNARDS,2018,35,3,34,2290,170,1003,1224,3704,1621,6,2,47,39,13,41,101,19,5,3,10
N10000101,AIRPORT,2019,290,107,183,"16,646",98,611,"15,847","28,371","26,114",931,228,355,222,96,191,642,203,36,18,33
N10000102,ANTRIM,2019,9,3,6,132,123,4,126,244,466,"4,078",0,12,3,3,3,18,7,3,3,3
N10000103,BALLYCLARE,2019,147,68,79,"6,134",87,280,"5,753","13,037","12,506",357,95,179,107,40,91,310,100,22,10,15
N10000104,DUNSILLY,2019,396,261,135,"17,730",96,598,"16,621","33,938","38,313","1,636",851,512,310,113,173,798,286,48,25,37
N10000105,GLENGORMLEY URBAN,2019,3,3,3,235,25,6,227,156,0,1,0,3,3,3,5,10,3,0,0,0
N10000106,MACEDON,2019,3,3,3,85,213,14,70,105,0,0,0,8,5,3,31,40,3,0,0,3
N10000107,THREE MILE WATER,2019,23,18,5,"1,396",144,4,"1,382","2,104","1,200","9,941",0,31,16,9,12,52,20,3,0,3
N10000201,ARMAGH,2019,788,402,386,"22,431",134,952,"21,246","56,304","20,550","158,821","1,145",965,511,189,669,"1,823",598,99,32,59
N10000202,BANBRIDGE,2019,553,40,513,"21,661",82,"2,483","18,987","42,000","27,596","9,816",94,709,400,168,301,"1,178",410,65,35,43
N10000203,CRAIGAVON,2019,112,62,50,"3,948",76,196,"3,655","8,525","1,317",30,89,148,76,24,69,241,85,13,5,9
N10000204,CUSHER,2019,827,510,317,"26,557",90,"1,635","24,448","64,075","35,920","25,025","1,386","1,014",564,214,367,"1,595",636,82,45,64
N10000205,LAGAN RIVER,2019,434,157,277,"15,911",95,"1,754","13,986","36,727","22,383",34,734,557,311,127,196,880,316,51,23,44
N10000206,LURGAN,2019,122,47,75,"4,675",90,358,"4,244","11,301","1,595","4,485",72,149,81,33,58,240,89,14,9,10
N10000207,PORTADOWN,2019,409,174,235,"11,671",92,"1,616","9,920","23,588","8,463","10,661",223,522,280,127,599,"1,248",284,38,29,58
N10000301,BALMORAL,2019,3,3,3,3,3,3,3,3,3,3,3,3,3,3,3,3,3,3,3,3
N10000302,BLACK MOUNTAIN,2019,3,3,3,3,3,3,3,3,3,3,3,3,3,3,3,3,3,3,3,3
N10000303,BOTANIC,2019,3,3,3,3,3,3,3,3,3,3,3,3,3,3,3,3,3,3,3,3
N10000304,CASTLE,2019,3,3,3,3,3,3,3,3,3,3,3,3,3,3,3,3,3,3,3,3
N10000305,COLLIN,2019,3,3,3,3,3,3,3,3,3,3,3,3,3,3,3,3,3,3,3,3
N10000306,COURT,2019,3,3,3,3,3,3,3,3,3,3,3,3,3,3,3,3,3,3,3,3
N10000307,LISNASHARRAGH,2019,3,3,3,3,3,3,3,3,3,3,3,3,3,3,3,3,3,3,3,3
N10000308,OLDPARK,2019,3,3,3,3,3,3,3,3,3,3,3,3,3,3,3,3,3,3,3,3
N10000309,ORMISTON,2019,3,3,3,3,3,3,3,3,3,3,3,3,3,3,3,3,3,3,3,3
N10000401,BALLYMONEY,2019,411,209,202,"18,547",110,545,"17,522","32,009","32,430","12,919",856,534,320,128,196,858,283,53,30,45
N10000402,BANN,2019,526,252,274,"27,240",80,"1,055","25,731","40,768","55,717","7,228",397,675,401,193,255,"1,123",387,55,37,47
N10000403,BENBRADAGH,2019,427,334,93,"27,084",62,"2,160","24,617","21,903","85,797",170,78,547,306,112,206,865,333,53,17,24
N10000404,CAUSEWAY,2019,341,125,216,"19,866",154,"1,981","17,552","42,763","27,417","2,887",643,470,328,113,204,787,183,56,32,70
N10000405,COLERAINE,2019,10,6,3,943,60,0,916,683,"1,276",0,0,14,6,3,6,21,7,3,0,3
N10000406,LIMAVADY,2019,201,103,98,"12,025",72,"1,761","10,044","14,633","33,710",62,1,260,160,52,100,412,140,29,16,16
N10000407,THE GLENS,2019,586,521,65,"38,302",71,729,"37,163","31,261","160,167",53,470,758,462,150,272,"1,180",417,98,29,42
N10000501,BALLYARNETT,2019,17,3,14,"1,164",97,385,737,790,"1,171",0,0,19,13,3,18,40,12,3,3,3
N10000502,DERG,2019,612,492,120,"30,978",96,785,"28,243","43,250","77,464","30,068",301,761,443,153,291,"1,205",448,75,33,56
N10000503,FAUGHAN,2019,265,174,91,"15,237",90,"1,688","13,247","21,869","32,764",51,27,347,204,72,163,582,184,37,16,28
N10000504,FOYLESIDE,2019,3,3,0,201,64,9,192,217,687,0,0,3,3,3,5,11,3,0,3,0
N10000505,SPERRIN,2019,829,752,77,"48,149",58,845,"46,692","42,447","168,741","1,638",185,"1,032",600,228,396,"1,656",640,107,46,36
N10000506,THE MOOR,2019,22,10,12,"1,324",100,316,983,"1,668","1,431",0,0,28,21,10,20,58,15,3,3,3
N10000507,WATERSIDE,2019,18,15,3,536,50,29,507,926,"1,010",0,0,21,10,3,3,26,16,0,3,3
N10000601,ENNISKILLEN,2019,221,217,3,"10,256",60,12,"9,799","14,544","11,604",9,23,261,140,63,91,415,177,18,12,14
N10000602,ERNE EAST,2019,905,893,12,"34,300",68,27,"33,756","58,045","27,499","1,495",946,"1,098",606,259,271,"1,628",731,87,48,39
N10000603,ERNE NORTH,2019,735,730,5,"29,013",38,23,"28,544","34,518","40,205","2,441",80,897,466,180,177,"1,254",638,65,18,14
N10000604,ERNE WEST,2019,"1,155","1,151",3,"49,074",34,88,"48,301","50,917","44,457",7,180,"1,355",712,329,345,"2,029","1,009",101,30,15
N10000605,MID TYRONE,2019,973,908,65,"41,387",57,124,"40,312","51,367","82,292","3,229",871,"1,158",650,246,329,"1,733",802,99,34,38
N10000606,OMAGH,2019,39,30,9,"1,656",86,21,"1,539","1,489","2,480",0,120,43,20,3,17,64,31,3,3,3
N10000607,WEST TYRONE,2019,"1,066","1,029",37,"43,445",71,256,"42,263","64,941","71,374","32,219",512,"1,300",733,268,407,"1,975",839,115,53,59
N10000701,CASTLEREAGH EAST,2019,61,5,56,"3,978",144,538,"3,414","6,991","3,116",47,0,93,63,14,83,190,34,8,5,14
N10000702,CASTLEREAGH SOUTH,2019,34,3,31,"1,647",97,229,"1,406","3,313",846,13,0,52,34,16,23,91,22,3,3,5
N10000703,DOWNSHIRE EAST,2019,295,101,194,"11,194",84,836,"10,104","23,135","20,574","7,618",120,371,202,105,157,633,224,29,7,35
N10000704,DOWNSHIRE WEST,2019,141,3,137,"6,411",112,"1,620","4,725","11,940","3,214","4,277",134,181,94,50,84,315,95,18,13,15
N10000705,KILLULTAGH,2019,289,170,119,"11,333",68,723,"10,500","16,934","10,247","4,002",467,349,195,82,166,597,218,39,15,17
N10000706,LISBURN NORTH,2019,18,8,10,490,197,96,389,677,109,"10,343",0,23,10,3,13,39,13,0,3,3
N10000707,LISBURN SOUTH,2019,3,3,3,195,222,8,187,541,0,0,0,3,3,0,3,7,3,0,3,3
N10000801,BALLYMENA,2019,16,8,8,279,44,22,243,317,360,0,31,17,6,3,5,23,15,3,0,0
N10000802,BANNSIDE,2019,393,275,118,"13,645",98,423,"12,954","32,013","17,387",609,805,496,277,128,186,810,290,45,27,31
N10000803,BRAID,2019,775,527,248,"38,356",92,500,"37,443","49,765","121,295","2,707","1,737",982,581,243,367,"1,592",541,119,48,67
N10000804,CARRICK CASTLE,2019,20,20,0,916,52,0,876,"1,005","4,570",1,3,25,15,3,21,50,15,3,3,0
N10000805,COAST ROAD,2019,213,209,3,"13,975",51,52,"13,811","9,077","60,675",43,76,250,148,61,121,432,169,30,3,10
N10000806,KNOCKAGH,2019,99,95,3,"2,846",46,0,"2,816","3,831","10,945","1,661",35,122,57,32,46,200,81,11,3,3
N10000807,LARNE LOUGH,2019,257,251,6,"13,674",95,69,"13,524","21,659","44,256","11,911",71,305,190,82,118,505,182,33,14,28
N10000901,CARNTOGHER,2019,635,512,123,"23,732",48,497,"22,979","28,929","72,869","4,472",305,784,372,123,240,"1,147",528,60,27,20
N10000902,CLOGHER VALLEY,2019,"1,125",960,165,"40,880",122,461,"39,201","78,990","39,608","125,515","3,958","1,371",768,291,502,"2,164",850,143,60,72
N10000903,COOKSTOWN,2019,653,491,162,"19,817",77,281,"19,360","33,632","26,114","31,550","1,432",793,387,163,245,"1,201",549,52,24,28
N10000904,DUNGANNON,2019,221,43,178,"7,489",110,228,"7,108","16,340","4,284",869,"1,154",270,130,46,87,403,160,29,15,17
N10000905,MAGHERAFELT,2019,464,189,275,"16,073",81,674,"15,158","33,359","29,128","27,996",172,573,329,123,188,884,351,47,34,32
N10000906,MOYOLA,2019,491,358,133,"21,048",55,808,"19,842","28,634","39,314","9,437",65,606,314,107,222,935,377,71,23,20
N10000907,TORRENT,2019,555,270,285,"17,392",122,504,"16,777","42,663","10,387","39,727","2,069",706,361,97,272,"1,075",420,52,38,45
N10001001,CROTLIEVE,2019,659,457,202,"17,265",53,"1,098","15,964","29,008","55,654","5,745",371,813,396,162,367,"1,342",552,59,23,25
N10001002,DOWNPATRICK,2019,256,82,174,"12,543",73,"1,537","10,669","23,677","20,485",103,41,343,211,74,156,573,181,38,13,24
N10001003,NEWRY,2019,134,126,8,"2,771",35,17,"2,737","5,804","5,266","3,057",31,146,61,17,37,200,119,9,3,3
N10001004,ROWALLANE,2019,287,192,95,"19,558",80,640,"11,153","18,487","18,604","23,925",158,348,185,100,141,589,220,31,16,20
N10001005,SLIEVE CROOB,2019,694,483,211,"22,657",45,"1,485","20,835","35,391","60,151","7,168",160,850,419,195,286,"1,331",579,66,25,24
N10001006,SLIEVE GULLION,2019,"1,127","1,057",70,"27,110",50,510,"26,343","64,024","22,667","5,190",477,"1,318",582,246,312,"1,876",991,77,24,35
N10001007,THE MOURNES,2019,715,510,205,"21,380",50,"1,245","19,975","32,080","87,933","15,215",141,914,498,197,337,"1,448",594,62,20,39
N10001101,ARDS PENINSULA,2019,353,6,347,"17,059",132,"2,720","13,944","40,470","18,151","9,050",36,491,296,112,310,913,227,43,16,67
N10001102,BANGOR CENTRAL,2019,12,0,12,394,110,75,306,"1,130",174,0,0,13,8,3,7,21,9,0,0,3
N10001103,BANGOR EAST AND DONAGHADEE,2019,40,0,40,"1,949",98,278,"1,484","3,502","2,610",6,6,55,32,12,19,86,29,3,3,5
N10001104,BANGOR WEST,2019,3,0,3,67,51,0,67,190,653,0,0,3,3,0,0,3,3,3,0,0
N10001105,COMBER,2019,209,60,149,"7,883",89,"1,896","5,860","12,076","15,055",676,115,274,155,70,159,503,141,25,17,26
N10001106,HOLYWOOD AND CLANDEBOYE,2019,36,3,35,"2,561",126,202,"1,758","4,269",769,5,0,44,25,13,27,84,23,3,5,5
N10001107,NEWTOWNARDS,2019,34,3,33,"2,407",190,"1,213","1,147","3,196","1,496",4,1,48,35,11,45,104,17,7,3,8
