WPC Code,WPC Name,Year,Number of Farms,Number of lfa farms  ,Number of non lfa farms  ,Total area farmed in hectares  ,Average SO/farm   (€ '000 )  ,Total crops in hectares  ,Total grass & rough grazing in hectares  ,Total number of cattle  ,Total number of sheep  ,Total number of pigs  ,Total number of poultry ('000)  ,Number of farmers  ,Number of self employed,Number of spouses  ,Number of Other workers  ,Total number of Agricultural labour  ,Number of V. Small farms,Number of small farms,Number of medium farms,Number of large farms
N06000001,Belfast East,2010,3,3,3,3,269.20,"2,053.10","2,598.00","4,355",4,0,37,3,3,3,3,3,3,3,3,3
N06000002,Belfast North,2010,3,3,3,3,5.40,492.30,674.00,122,1,0,12,3,3,3,3,3,3,3,3,3
N06000003,Belfast South,2010,3,3,3,3,222.10,"1,346.70","3,149.00","1,485","1,707",0,30,3,3,3,3,3,3,3,3,3
N06000004,Belfast West,2010,3,3,3,3,0.00,861.90,997.00,108,0,0,13,3,3,3,3,3,3,3,3,3
N06000005,East Antrim,2010,800,788,12,"46,495.40",357.40,"45,815.40","44,049.00","193,211","3,411","160,564",942,572,221,429,1592,579,132,38,51,27
N06000006,East Londonderry,2010,1550,973,577,"88,267.50","7,605.30","79,205.70","113,172.00","252,011","5,810","683,072","1,941",1179,410,767,3118,1063,264,104,119,37
N06000007,Fermanagh & South Tyrone,2010,4262,3945,317,"164,515.10","1,199.50","160,815.00","249,089.00","120,387","50,014","3,411,942","4,977",2485,1017,1440,7434,3508,464,164,126,21
N06000008,Foyle,2010,183,110,73,"10,136.50","1,938.70","8,017.50","13,383.00","20,844",4,0,228,148,46,112,386,121,30,12,20,41
N06000009,Lagan Valley,2010,862,254,608,"33,666.40","5,732.50","27,630.40","61,507.00","44,826","13,508","438,555","1,082",603,290,444,1816,620,116,43,83,35
N06000010,Mid Ulster,2010,2856,1896,960,"97,324.50","4,020.00","91,915.80","175,570.00","158,784","93,984","3,574,422","3,416",1703,649,1105,5170,2251,325,151,129,25
N06000011,Newry & Armagh,2010,3025,2133,892,"79,653.40","5,014.10","73,903.10","182,572.00","76,971","77,643","1,739,454","3,562",1663,651,1584,5797,2415,316,123,171,25
N06000012,North Antrim,2010,2198,1443,755,"106,124.90","4,869.80","99,594.00","167,781.00","277,415","19,102","2,852,438","2,772",1737,672,964,4408,1500,335,179,184,36
N06000013,North Down,2010,117,0,117,"5,405.80",865.70,"3,873.70","11,373.00","3,140",135,"8,000",140,87,36,80,256,77,14,8,18,50
N06000014,South Antrim,2010,1032,624,408,"47,476.60","2,436.50","44,138.90","92,851.00","64,623","19,092","1,112,441","1,253",738,316,502,2071,721,152,65,94,35
N06000015,South Down,2010,2619,1570,1049,"86,259.50","8,123.00","77,179.40","146,214.00","246,576","30,798","758,180","3,202",1634,659,1153,5014,2069,317,106,127,24
N06000016,Strangford,2010,896,237,659,"45,773.20","6,830.10","37,213.90","74,009.00","54,408","29,137","189,993","1,153",701,321,626,2100,586,127,61,122,53
N06000017,Upper Bann,2010,744,241,503,"25,115.50","3,044.40","21,647.90","55,539.00","14,150","9,898","518,378",940,483,195,579,1714,548,85,42,69,37
N06000018,West Tyrone,2010,3257,2941,316,"151,834.40","3,019.00","144,723.60","209,829.00","314,278","70,356","1,083,647","3,861",2170,699,1267,5827,2514,398,177,168,27
N06000001,Belfast East,2011,3,3,3,3,121.06,253.50,"2,059.70","2,726","4,499",8,0,3,3,3,3,3,3,3,3,3
N06000002,Belfast North,2011,3,3,3,3,118.14,5.30,474.90,690,12,1,50,3,3,3,3,3,3,3,3,3
N06000003,Belfast South,2011,3,3,3,3,127.58,256.50,"1,318.30","3,404","1,545","1,659",0,3,3,3,3,3,3,3,3,3
N06000004,Belfast West,2011,3,3,3,3,41.19,0.00,881.00,956,117,0,0,3,3,3,3,3,3,3,3,3
N06000005,East Antrim,2011,802,788,14,"46,083.10",50.70,383.20,"45,212.70","43,635","195,222","3,660","197,057",932,559,239,349,1520,582,129,41,50
N06000006,East Londonderry,2011,1543,966,577,"89,024.60",68.85,"7,444.40","79,781.00","112,703","255,865","6,046","651,395",1923,1177,432,771,3126,1062,260,96,125
N06000007,Fermanagh & South Tyrone,2011,4279,3955,324,"164,252.10",51.96,"1,100.80","160,456.00","246,877","126,843","45,501","4,675,782",4912,2517,1030,1476,7418,3483,494,169,133
N06000008,Foyle,2011,175,105,70,"10,078.10",80.03,"1,886.50","7,998.20","13,856","20,885",49,0,216,142,49,118,383,112,32,11,20
N06000009,Lagan Valley,2011,864,245,619,"32,874.70",75.34,"5,131.00","27,402.70","62,555","44,185","12,428","776,871",1060,595,297,421,1778,614,126,42,82
N06000010,Mid Ulster,2011,2860,1888,972,"97,898.10",60.32,"4,075.50","92,430.20","173,360","162,622","94,751","3,655,992",3387,1733,601,1114,5102,2253,315,156,136
N06000011,Newry & Armagh,2011,3027,2118,909,"80,263.70",61.03,"4,830.90","74,686.40","179,405","79,607","76,455","2,130,079",3497,1673,672,1617,5786,2432,305,120,170
N06000012,North Antrim,2011,2199,1433,766,"104,478.50",84.16,"4,708.70","97,870.70","166,838","286,126","18,637","3,424,042",2750,1665,676,990,4416,1505,329,179,186
N06000013,North Down,2011,119,0,119,"5,499.20",95.94,927.40,"3,890.20","11,589","3,093",114,"5,725",141,82,37,75,253,77,15,8,19
N06000014,South Antrim,2011,1036,620,416,"48,120.60",77.82,"2,494.40","44,735.70","89,784","65,297","23,599","1,078,853",1253,715,326,564,2143,723,155,60,98
N06000015,South Down,2011,2606,1556,1050,"84,530.90",48.98,"7,863.20","75,780.70","145,370","246,139","31,684","993,114",3115,1583,697,1257,5069,2061,316,101,128
N06000016,Strangford,2011,880,229,651,"46,194.00",96.01,"6,941.30","37,491.50","74,294","55,586","26,672","157,591",1119,659,324,620,2063,572,131,62,115
N06000017,Upper Bann,2011,737,232,505,"24,715.90",79.84,"3,065.10","21,290.70","55,407","14,401","13,942","436,224",921,464,202,497,1620,541,81,43,72
N06000018,West Tyrone,2011,3239,2925,314,"151,388.40",58.96,"3,071.70","144,225.30","207,003","325,529","70,062","1,439,735",3820,2200,653,1408,5881,2499,399,170,171
N06000001,Belfast East,2012,3,3,3,3,122.20,264.10,"2,091.10","2,591","4,474",64,0,3,3,3,3,3,3,3,3,3
N06000002,Belfast North,2012,3,3,3,3,68.00,5.30,540.60,727,127,2,0,3,3,3,3,3,3,3,3,3
N06000003,Belfast South,2012,3,3,3,3,138.58,193.50,"1,349.00","3,563","1,278","1,565",0,3,3,3,3,3,3,3,3,3
N06000004,Belfast West,2012,3,3,3,3,44.60,0.00,867.00,"1,042",128,0,0,3,3,3,3,3,3,3,3,3
N06000005,East Antrim,2012,800,788,12,"46,291.50",52.07,430.90,"45,470.80","43,917","201,994","3,641","244,405",937,562,232,390,1559,587,123,37,53
N06000006,East Londonderry,2012,1540,969,571,"89,145.80",67.54,"7,461.60","80,028.50","113,903","262,382","6,083","489,349",1906,1170,432,839,3177,1062,266,87,125
N06000007,Fermanagh & South Tyrone,2012,4287,3957,330,"164,966.20",52.23,997.40,"161,011.10","256,967","140,648","49,882","4,570,244",4923,2574,1048,1588,7559,3492,484,168,143
N06000008,Foyle,2012,173,102,71,"9,948.50",75.08,"1,849.60","7,935.90","13,483","20,964",79,0,213,147,47,123,383,113,30,12,18
N06000009,Lagan Valley,2012,852,241,611,"32,511.50",75.90,"5,114.60","27,092.50","64,374","47,762","9,961","662,666",1059,586,276,459,1794,609,114,44,85
N06000010,Mid Ulster,2012,2839,1878,961,"97,625.50",59.97,"3,741.90","92,462.50","175,429","170,224","94,442","3,301,643",3374,1701,644,1188,5206,2235,314,152,138
N06000011,Newry & Armagh,2012,3007,2099,908,"80,871.80",61.57,"4,913.80","74,940.50","189,105","85,101","78,451","2,132,749",3512,1697,659,1623,5794,2417,300,103,187
N06000012,North Antrim,2012,2177,1403,774,"103,451.20",85.88,"4,393.40","97,279.70","166,379","292,159","18,711","3,830,620",2720,1621,657,1040,4417,1481,340,161,195
N06000013,North Down,2012,118,0,118,"5,688.90",89.13,824.80,"4,188.20","10,207","3,337",102,"7,225",139,74,34,79,252,81,14,8,15
N06000014,South Antrim,2012,1024,612,412,"47,765.70",78.36,"2,311.60","44,548.90","91,882","68,273","25,266","1,069,618",1224,720,334,581,2139,711,153,60,100
N06000015,South Down,2012,2578,1539,1039,"85,329.10",48.89,"7,641.10","76,757.60","147,164","256,536","31,325","780,179",3113,1646,676,1260,5049,2028,321,105,124
N06000016,Strangford,2012,868,225,643,"45,728.30",96.92,"6,917.50","37,024.60","76,074","58,387","26,128","182,331",1106,650,310,678,2094,562,126,60,120
N06000017,Upper Bann,2012,735,239,496,"25,005.60",77.80,"3,044.90","21,575.00","57,746","15,570","13,086","203,933",924,470,195,595,1714,541,82,42,70
N06000018,West Tyrone,2012,3218,2901,317,"150,656.00",59.98,"2,907.20","143,502.90","210,893","339,528","68,136","1,713,220",3811,2209,722,1494,6027,2476,401,167,174
N06000001,Belfast East,2013,3,3,3,3,124.00,303.00,"2,076.00","2,714","4,459",96,0,3,3,3,3,3,3,3,3,3
N06000002,Belfast North,2013,3,3,3,3,134.00,9.00,652.00,"1,154",607,0,15,3,3,3,3,3,3,3,3,3
N06000003,Belfast South,2013,3,3,3,3,121.00,154.00,"1,363.00","3,392","1,148","1,716",0,3,3,3,3,3,3,3,3,3
N06000004,Belfast West,2013,3,3,3,3,41.00,0.00,860.00,957,43,0,0,3,3,3,3,3,3,3,3,3
N06000005,East Antrim,2013,788,773,15,"45,706.00",50.00,356.00,"44,936.00","41,425","184,873","4,548",262,907,569,241,422,1570,584,122,35,47
N06000006,East Londonderry,2013,1544,966,578,"89,218.00",68.00,"7,140.00","80,413.00","108,883","245,802","5,738",795,1885,1189,447,826,3158,1074,264,83,123
N06000007,Fermanagh & South Tyrone,2013,4314,3981,333,"166,857.00",53.00,917.00,"163,330.00","248,507","136,918","83,706","4,520",4930,2633,1064,1666,7660,3525,488,159,142
N06000008,Foyle,2013,170,99,71,"9,924.00",80.00,"1,840.00","7,910.00","13,617","19,628",90,0,209,144,49,116,374,108,33,10,19
N06000009,Lagan Valley,2013,867,250,617,"33,137.00",75.00,"4,866.00","27,964.00","63,082","44,881","17,218",618,1070,578,281,469,1820,625,116,46,80
N06000010,Mid Ulster,2013,2859,1908,951,"98,102.00",61.00,"3,480.00","93,098.00","172,016","168,336","101,927","3,492",3368,1752,666,1250,5284,2267,308,150,134
N06000011,Newry & Armagh,2013,3017,2097,920,"81,546.00",61.00,"4,700.00","75,836.00","186,638","85,837","75,843","2,149",3483,1718,664,1629,5776,2432,304,102,179
N06000012,North Antrim,2013,2187,1410,777,"104,645.00",84.00,"3,981.00","99,015.00","164,461","283,440","21,950","3,413",2702,1672,671,1044,4417,1500,335,164,188
N06000013,North Down,2013,122,3,121,"5,738.00",89.00,788.00,"4,248.00","11,048","3,346",13,6,148,86,31,73,252,86,12,7,17
N06000014,South Antrim,2013,1032,619,413,"48,140.00",75.00,"2,157.00","45,052.00","88,094","64,883","27,372",972,1229,736,309,608,2146,728,152,60,92
N06000015,South Down,2013,2604,1547,1057,"86,575.00",49.00,"7,810.00","77,917.00","145,067","251,124","32,209",792,3097,1680,691,1282,5070,2064,307,101,132
N06000016,Strangford,2013,881,229,652,"43,062.00",100.00,"7,145.00","35,110.00","75,052","56,202","35,549",251,1118,671,317,687,2122,574,125,60,122
N06000017,Upper Bann,2013,751,240,511,"25,644.00",81.00,"2,963.00","22,276.00","57,329","16,754","8,611",467,924,494,210,596,1730,548,81,50,72
N06000018,West Tyrone,2013,3289,2964,325,"153,504.00",58.00,"2,991.00","145,948.00","204,330","335,253","63,731","1,621",3859,2254,724,1478,6061,2552,405,155,177
N06000001,Belfast East,2014,3,3,3,3,133.00,333.00,"2,037.00","2,428","2,233",42,0,3,3,3,3,3,3,3,3,3
N06000002,Belfast North,2014,3,3,3,3,168.00,9.00,725.00,"1,095",714,0,16,3,3,3,3,3,3,3,3,3
N06000003,Belfast South,2014,3,3,3,3,141.00,169.00,"1,325.00","3,504","1,226","1,605",0,3,3,3,3,3,3,3,3,3
N06000004,Belfast West,2014,3,3,3,3,56.00,0.00,"1,145.00",799,38,0,0,3,3,3,3,3,3,3,3,3
N06000005,East Antrim,2014,784,767,17,"46,148.00",57.00,354.00,"45,391.00","41,349","189,541","5,517",187,927,560,222,390,1539,591,106,36,51
N06000006,East Londonderry,2014,1534,973,561,"90,269.00",76.00,"7,129.00","81,291.00","108,165","245,582","6,296",523,1925,1180,432,830,3187,1085,246,84,119
N06000007,Fermanagh & South Tyrone,2014,4239,3900,339,"165,453.00",63.00,"1,026.00","161,602.00","243,246","144,759","87,481","5,095",4885,2596,1072,1648,7605,3448,465,181,145
N06000008,Foyle,2014,178,103,75,"10,182.00",93.00,"1,976.00","8,043.00","13,780","20,090",70,16,226,151,48,119,393,118,30,8,22
N06000009,Lagan Valley,2014,852,251,601,"32,285.00",87.00,"4,758.00","27,200.00","62,306","42,201","19,375",605,1044,580,296,483,1823,616,104,52,80
N06000010,Mid Ulster,2014,2840,1891,949,"97,399.00",70.00,"3,089.00","92,977.00","169,969","168,435","99,001","3,402",3402,1762,639,1267,5308,2265,290,157,128
N06000011,Newry & Armagh,2014,2964,2053,911,"80,444.00",74.00,"4,467.00","74,993.00","184,769","86,888","118,395","2,229",3478,1732,652,1723,5853,2377,304,111,172
N06000012,North Antrim,2014,2164,1401,763,"103,673.00",98.00,"3,822.00","98,255.00","164,254","278,356","20,295","3,866",2717,1659,659,1059,4435,1488,311,159,206
N06000013,North Down,2014,116,3,115,"5,972.00",108.00,793.00,"4,369.00","10,875","3,613",23,5,139,82,38,80,257,77,15,7,17
N06000014,South Antrim,2014,1014,603,411,"47,934.00",88.00,"2,126.00","44,869.00","86,066","65,794","20,476","1,265",1215,729,305,577,2097,710,155,58,91
N06000015,South Down,2014,2613,1531,1082,"87,913.00",56.00,"7,316.00","79,635.00","143,722","256,649","32,908",795,3145,1705,689,1268,5102,2084,292,104,133
N06000016,Strangford,2014,882,231,651,"43,387.00",110.00,"6,810.00","35,741.00","75,028","55,584","38,008",291,1124,666,316,716,2156,574,129,57,122
N06000017,Upper Bann,2014,729,223,506,"25,361.00",92.00,"2,829.00","22,126.00","57,569","17,604","10,547",529,934,517,195,610,1739,526,85,44,74
N06000018,West Tyrone,2014,3244,2921,323,"153,783.00",68.00,"2,762.00","146,458.00","198,371","343,563","57,036","1,576",3831,2225,697,1487,6015,2510,397,162,175
N06000001,Belfast East,2015,3,3,3,3,152.00,426.00,"1,702.00","2,263","2,955",20,0,3,3,3,3,3,3,3,3,3
N06000002,Belfast North,2015,3,3,3,3,113.00,10.00,787.00,956,543,0,0,3,3,3,3,3,3,3,3,3
N06000003,Belfast South,2015,3,3,3,3,122.00,234.00,"1,369.00","3,458","1,430","1,466",0,3,3,3,3,3,3,3,3,3
N06000004,Belfast West,2015,3,3,3,3,33.00,0.00,996.00,868,155,0,0,3,3,3,3,3,3,3,3,3
N06000005,East Antrim,2015,810,786,24,"46,865.00",62.00,266.00,"46,077.00","41,297","192,147","5,458",479,945,563,211,417,1573,606,120,30,54
N06000006,East Londonderry,2015,1582,988,594,"88,694.00",75.00,"6,502.00","80,574.00","111,637","252,062","6,760",504,1974,1199,428,775,3177,1129,238,96,119
N06000007,Fermanagh & South Tyrone,2015,4349,3971,378,"166,898.00",64.00,991.00,"162,959.00","252,578","159,660","89,433","5,095",5110,2713,1002,1480,7592,3540,459,192,158
N06000008,Foyle,2015,188,108,80,"10,341.00",96.00,"1,841.00","8,322.00","14,048","22,678",87,16,234,156,49,119,402,128,26,10,24
N06000009,Lagan Valley,2015,888,257,631,"33,590.00",91.00,"4,856.00","28,383.00","63,896","43,674","23,061",949,1084,594,268,465,1817,648,103,49,88
N06000010,Mid Ulster,2015,2892,1881,1011,"97,934.00",72.00,"3,051.00","93,658.00","172,629","175,491","101,029","3,962",3477,1820,615,1228,5320,2300,289,167,136
N06000011,Newry & Armagh,2015,3056,2110,946,"82,234.00",77.00,"4,512.00","76,719.00","191,588","89,084","136,720","2,133",3603,1739,634,1839,6076,2452,292,121,191
N06000012,North Antrim,2015,2218,1430,788,"103,867.00",96.00,"3,385.00","98,721.00","167,391","285,570","21,967","3,581",2778,1697,608,985,4371,1519,345,146,208
N06000013,North Down,2015,122,3,119,"6,302.00",103.00,721.00,"4,805.00","10,892","4,359",17,5,143,76,36,64,243,86,12,7,17
N06000014,South Antrim,2015,1053,626,427,"47,959.00",88.00,"2,024.00","44,927.00","88,172","74,243","23,956","1,075",1276,746,308,528,2112,747,149,60,97
N06000015,South Down,2015,2677,1560,1117,"83,847.00",56.00,"7,032.00","75,796.00","145,412","257,515","43,872",858,3255,1745,688,1188,5131,2147,293,103,134
N06000016,Strangford,2015,896,237,659,"43,323.00",110.00,"6,540.00","35,866.00","75,752","56,205","38,193",272,1146,685,309,689,2144,595,120,53,128
N06000017,Upper Bann,2015,740,225,515,"25,908.00",93.00,"2,544.00","22,896.00","60,911","17,872","10,275",636,939,518,195,523,1657,529,90,44,77
N06000018,West Tyrone,2015,3357,3006,351,"153,753.00",68.00,"2,384.00","146,932.00","205,103","354,031","67,424","1,679",3985,2312,717,1361,6063,2598,407,167,185
N06000001,Belfast East,2016,3,3,3,3,139.00,364.00,"1,755.00","2,227","2,726",5,0,3,3,3,3,3,3,3,3,3
N06000002,Belfast North,2016,3,3,3,3,79.00,5.00,723.00,746,228,0,0,3,3,3,3,3,3,3,3,3
N06000003,Belfast South,2016,3,3,3,3,162.00,177.00,"1,310.00","3,581","1,442","1,634",0,3,3,3,3,3,3,3,3,3
N06000004,Belfast West,2016,3,3,3,3,46.00,0.00,"1,101.00","1,122",52,0,0,3,3,3,3,3,3,3,3,3
N06000005,East Antrim,2016,802,775,27,"47,903.00",62.00,236.00,"47,173.00","44,216","194,882","7,095",350,954,552,234,376,1564,600,113,34,55
N06000006,East Londonderry,2016,1594,1012,582,"90,304.00",77.00,"6,408.00","82,304.00","114,168","256,746","7,990",649,1971,1158,477,755,3203,1143,229,97,125
N06000007,Fermanagh & South Tyrone,2016,4265,3890,375,"168,160.00",67.00,960.00,"163,580.00","262,522","164,332","100,104","5,132",5049,2657,1084,1431,7564,3443,464,183,175
N06000008,Foyle,2016,187,103,84,"10,470.00",96.00,"1,857.00","8,428.00","14,502","23,369",70,0,226,151,56,115,397,127,24,14,22
N06000009,Lagan Valley,2016,862,257,605,"33,682.00",94.00,"4,873.00","28,323.00","66,287","46,742","26,191",806,1076,574,271,442,1789,618,106,45,93
N06000010,Mid Ulster,2016,2850,1847,1003,"99,171.00",75.00,"2,965.00","94,776.00","178,741","183,621","117,187","3,903",3454,1768,644,1148,5246,2254,300,146,150
N06000011,Newry & Armagh,2016,2980,2055,925,"82,722.00",80.00,"4,344.00","77,234.00","200,751","89,064","147,040","2,472",3523,1745,674,1714,5911,2369,291,128,192
N06000012,North Antrim,2016,2181,1421,760,"104,491.00",100.00,"3,690.00","98,878.00","169,797","283,621","20,387","3,911",2745,1666,635,1030,4410,1474,342,155,210
N06000013,North Down,2016,125,3,122,"6,208.00",98.00,715.00,"4,683.00","11,205","4,370",25,0,149,79,33,66,248,85,13,8,19
N06000014,South Antrim,2016,1021,605,416,"47,905.00",90.00,"1,964.00","44,970.00","89,509","78,800","22,756","1,108",1267,726,314,507,2088,717,146,55,103
N06000015,South Down,2016,2667,1551,1116,"88,625.00",58.00,"7,149.00","80,383.00","151,696","257,015","45,242",946,3275,1673,717,1225,5217,2132,288,101,146
N06000016,Strangford,2016,871,238,633,"47,651.00",112.00,"6,787.00","32,542.00","77,028","58,205","32,884",256,1100,646,306,652,2058,570,118,57,126
N06000017,Upper Bann,2016,735,222,513,"25,930.00",96.00,"2,507.00","22,934.00","63,542","17,721","8,956",561,934,500,200,548,1682,522,91,48,74
N06000018,West Tyrone,2016,3316,2978,338,"153,811.00",70.00,"2,388.00","146,875.00","212,952","360,037","63,535","1,690",3973,2270,748,1348,6069,2549,405,160,202
N06000001,Belfast East,2017,3,3,3,3,127.00,353.00,"1,748.00","2,397","2,642",65,0,3,3,3,3,3,3,3,3,3
N06000002,Belfast North,2017,3,3,3,3,106.00,11.00,785.00,802,199,0,0,3,3,3,3,3,3,3,3,3
N06000003,Belfast South,2017,3,3,3,3,151.00,223.00,"1,331.00","3,699","1,227","1,376",0,3,3,3,3,3,3,3,3,3
N06000004,Belfast West,2017,3,3,3,3,54.00,0.00,"1,102.00","1,313",86,0,0,3,3,3,3,3,3,3,3,3
N06000005,East Antrim,2017,822,799,23,"48,310.00",67.00,281.00,"47,566.00","43,742","200,596","12,050",635,976,570,233,390,1599,624,103,43,52
N06000006,East Londonderry,2017,1611,1026,585,"91,027.00",76.00,"6,203.00","83,245.00","111,567","260,289","8,089",839,2024,1210,478,775,3277,1167,221,87,136
N06000007,Fermanagh & South Tyrone,2017,4353,3969,384,"170,554.00",67.00,877.00,"165,963.00","261,468","170,752","110,423","5,383",5182,2811,1104,1566,7852,3522,476,185,170
N06000008,Foyle,2017,191,103,88,"11,205.00",103.00,"2,092.00","8,890.00","14,421","21,827",39,21,235,151,56,138,429,130,22,16,23
N06000009,Lagan Valley,2017,872,261,611,"33,858.00",93.00,"4,870.00","28,512.00","66,832","46,541","24,304",879,1064,591,268,445,1777,635,101,48,88
N06000010,Mid Ulster,2017,2899,1883,1016,"100,043.00",74.00,"2,901.00","95,742.00","178,804","185,042","124,617","3,731",3511,1789,645,1186,5342,2300,300,148,151
N06000011,Newry & Armagh,2017,3054,2103,951,"82,976.00",82.00,"4,449.00","77,424.00","206,295","90,631","167,018","3,058",3596,1802,686,1795,6077,2432,312,111,199
N06000012,North Antrim,2017,2201,1431,770,"104,943.00",100.00,"3,592.00","99,537.00","168,573","285,925","20,224","4,728",2767,1713,661,1055,4483,1501,325,151,224
N06000013,North Down,2017,116,3,113,"5,291.00",107.00,739.00,"4,299.00","11,243","4,407",31,8,142,86,34,76,252,79,12,8,17
N06000014,South Antrim,2017,1041,613,428,"47,333.00",91.00,"1,925.00","44,544.00","89,234","82,330","23,169","1,287",1264,742,318,522,2104,743,140,54,104
N06000015,South Down,2017,2721,1588,1133,"89,636.00",59.00,"7,240.00","81,275.00","155,860","259,212","49,825","1,117",3337,1737,700,1204,5241,2161,307,103,150
N06000016,Strangford,2017,889,245,644,"47,750.00",109.00,"6,409.00","33,081.00","78,017","58,756","29,490",302,1136,678,308,653,2097,591,119,58,121
N06000017,Upper Bann,2017,747,221,526,"26,240.00",98.00,"2,611.00","23,139.00","62,978","18,730","8,343",694,944,495,197,587,1728,531,91,49,76
N06000018,West Tyrone,2017,3359,3017,342,"154,232.00",72.00,"2,451.00","147,170.00","209,201","363,363","70,057","2,228",4056,2318,745,1373,6174,2588,409,162,200
N06000001,Belfast East,2018,3,3,3,3,133.00,333.00,"1,732.00","2,419","2,670",61,0,3,3,3,3,3,3,3,3,3
N06000002,Belfast North,2018,3,3,3,3,105.00,18.00,861.00,"1,022",277,0,0,3,3,3,3,3,3,3,3,3
N06000003,Belfast South,2018,3,3,3,3,159.00,180.00,"1,249.00","3,575","1,307","1,617",0,3,3,3,3,3,3,3,3,3
N06000004,Belfast West,2018,3,3,3,3,53.00,0.00,"1,086.00","1,350",76,0,0,3,3,3,3,3,3,3,3,3
N06000005,East Antrim,2018,822,800,22,"48,197.00",63.00,222.00,"47,588.00","42,876","193,686","11,861",435,979,591,233,399,1611,626,108,39,49
N06000006,East Londonderry,2018,1594,1014,580,"91,682.00",75.00,"6,094.00","84,103.00","108,426","253,048","8,387",797,2025,1208,502,809,3336,1171,206,89,128
N06000007,Fermanagh & South Tyrone,2018,4334,3964,370,"170,715.00",68.00,949.00,"166,264.00","252,765","168,709","110,006","6,055",5192,2796,1081,1568,7841,3529,461,171,173
N06000008,Foyle,2018,193,102,91,"11,143.00",100.00,"2,020.00","8,952.00","14,535","20,803",58,0,250,149,54,134,438,129,27,14,23
N06000009,Lagan Valley,2018,869,273,596,"33,730.00",92.00,"4,297.00","28,972.00","66,742","46,660","24,927",801,1074,593,284,443,1801,639,99,43,88
N06000010,Mid Ulster,2018,2907,1909,998,"100,338.00",76.00,"2,668.00","96,452.00","173,581","180,006","127,766","4,175",3579,1809,631,1162,5372,2327,284,147,149
N06000011,Newry & Armagh,2018,3062,2116,946,"83,869.00",82.00,"4,251.00","78,575.00","204,013","92,030","159,199","3,214",3644,1829,691,1771,6106,2468,284,119,191
N06000012,North Antrim,2018,2185,1419,766,"103,620.00",100.00,"3,197.00","98,705.00","160,550","279,833","17,600","4,950",2806,1698,676,1056,4538,1509,324,137,215
N06000013,North Down,2018,121,3,120,"6,104.00",102.00,681.00,"4,617.00","11,454","4,623",19,8,151,87,37,74,262,87,9,8,17
N06000014,South Antrim,2018,1022,598,424,"47,914.00",90.00,"1,632.00","45,424.00","86,817","83,073","22,903","1,241",1273,751,316,530,2119,733,137,53,99
N06000015,South Down,2018,2725,1598,1127,"89,719.00",59.00,"6,941.00","81,735.00","155,887","256,341","46,342","1,014",3394,1801,725,1271,5390,2182,295,100,148
N06000016,Strangford,2018,892,246,646,"47,633.00",107.00,"6,396.00","32,906.00","78,134","55,562","23,768",306,1158,689,319,683,2160,592,119,55,126
N06000017,Upper Bann,2018,748,223,525,"26,385.00",97.00,"2,638.00","23,242.00","61,632","16,985","8,464",864,972,512,205,624,1801,542,83,46,77
N06000018,West Tyrone,2018,3343,3005,338,"155,033.00",71.00,"2,419.00","148,313.00","203,290","350,309","70,666","2,171",4072,2378,769,1338,6179,2601,382,161,199
N06000001,Belfast East,2019,3,3,3,3,124,355,"1,880","2,503","2,162",47,0,3,3,3,3,3,3,3,3,3
N06000002,Belfast North,2019,3,3,3,3,110,19,"1,223","1,660",157,1,0,3,3,3,3,3,3,3,3,3
N06000003,Belfast South,2019,3,3,3,3,181,228,"1,284","3,456","1,934","1,194",0,3,3,3,3,3,3,3,3,3
N06000004,Belfast West,2019,3,3,3,3,23,0,708,680,378,0,0,3,3,3,3,3,3,3,3,3
N06000005,East Antrim,2019,743,723,20,"40,892",66,229,"40,337","39,598","162,369","23,557",299,888,514,217,379,"1,484",576,92,29,46
N06000006,East Londonderry,2019,"1,605","1,018",587,"92,370",74,"6,026","84,950","109,412","252,425","8,213",692,"2,071","1,216",502,807,"3,380","1,186",203,95,121
N06000007,Fermanagh & South Tyrone,2019,"4,290","3,924",366,"168,890",70,934,"164,521","249,801","164,407","127,041","6,148","5,177","2,790","1,156","1,484","7,817","3,505",433,180,172
N06000008,Foyle,2019,198,103,95,"11,650",107,"2,054","9,407","17,295","21,162",46,27,251,158,57,146,454,132,22,18,26
N06000009,Lagan Valley,2019,831,246,585,"32,191",93,"3,991","27,706","64,652","43,195","26,247",811,"1,039",583,274,450,"1,763",606,96,40,89
N06000010,Mid Ulster,2019,"2,901","1,906",995,"101,038",76,"2,777","97,040","172,504","181,503","116,477","4,238","3,579","1,814",635,"1,201","5,415","2,307",295,151,148
N06000011,Newry & Armagh,2019,"3,069","2,138",931,"83,693",84,"4,022","78,649","199,883","89,803","196,117","3,193","3,691","1,852",719,"1,719","6,129","2,472",292,119,186
N06000012,North Antrim,2019,"2,246","1,501",745,"111,720",99,"3,223","106,718","165,897","309,735","19,175","4,223","2,895","1,746",680,"1,070","4,645","1,545",333,143,225
N06000013,North Down,2019,159,3,157,"8,000",114,862,"6,313","16,680","8,718",11,7,199,113,46,106,351,109,14,9,27
N06000014,South Antrim,2019,"1,015",585,430,"48,158",89,"1,671","45,628","86,518","83,842","7,002","1,326","1,268",752,295,538,"2,101",731,125,63,96
N06000015,South Down,2019,"2,690","1,625","1,065","85,570",56,"6,641","77,785","144,810","246,569","42,319",995,"3,382","1,795",743,"1,317","5,442","2,175",275,104,136
N06000016,Strangford,2019,832,244,588,"45,136",106,"6,354","30,496","70,338","48,339","24,449",311,"1,109",652,282,614,"2,005",563,104,54,111
N06000017,Upper Bann,2019,826,242,584,"32,578",92,"3,291","28,841","66,764","20,315","16,126",533,"1,064",562,234,590,"1,888",613,77,50,86
N06000018,West Tyrone,2019,"3,336","3,015",321,"155,499",71,"2,222","148,866","199,325","349,919","66,406","1,978","4,075","2,328",836,"1,358","6,269","2,600",378,164,194
